id,real_name,position,club_id,club_real_name,alias_name
74,S. Amrabat,MID,33,Manchester United,Amrobat
526,A. Onana,GK,33,Manchester United,Banana
532,M. de Ligt,DEF,33,Manchester United,De Light
545,N. Mazraoui,DEF,33,Manchester United,Mazraowy
742,R. Varane,DEF,33,Manchester United,Verona
747,Casemiro,MID,33,Manchester United,Cashmere
886,Diogo Dalot,DEF,33,Manchester United,Diogo
891,L. Shaw,DEF,33,Manchester United,Shaw
897,M. Greenwood,FWD,33,Manchester United,Greenwood
908,A. Martial,FWD,33,Manchester United,Martiaux
1485,Bruno Fernandes,MID,33,Manchester United,Fernandez
2467,Lisandro Martínez,DEF,33,Manchester United,Lizandro
2931,T. Heaton,GK,33,Manchester United,Heathen
2935,H. Maguire,DEF,33,Manchester United,Magwire
9971,Antony,FWD,33,Manchester United,Antony
19220,M. Mount,MID,33,Manchester United,Mound
37145,T. Malacia,DEF,33,Manchester United,Malaria
51494,M. Ugarte,MID,33,Manchester United,Ugarté
70100,J. Zirkzee,FWD,33,Manchester United,Zirkus
153434,W. Fish,DEF,33,Manchester United,Fish
157997,A. Diallo,FWD,33,Manchester United,A. Diallo
284242,O. Forson,FWD,33,Manchester United,O. Forson
284307,Ethan Ennis,FWD,33,Manchester United,Ennis
284322,K. Mainoo,MID,33,Manchester United,Mainou
284363,R. Bennett,DEF,33,Manchester United,R. Bennett
284382,Dermot William Mee,GK,33,Manchester United,Dermot
284391,S. Murray,DEF,33,Manchester United,S. Murray
284539,H. Graczyk,GK,33,Manchester United,Graczik
288006,R. Højlund,FWD,33,Manchester United,Hoylund
298062,Louis Jackson,DEF,33,Manchester United,L. Jackson
303016,M. Oyedele,MID,33,Manchester United,M. Oyedele
328101,T. Fredricson,DEF,33,Manchester United,Fredricsen
330636,Sonny Aljofree,DEF,33,Manchester United,Sonny
342970,L. Yoro,DEF,33,Manchester United,Yolo
365664,Ethan Williams,FWD,33,Manchester United,E. Williams
378981,Elyh Harrison,GK,33,Manchester United,E. Harrison
382452,P. Dorgu,DEF,33,Manchester United,Dorgue
389309,O. Martin,FWD,33,Manchester United,O. Martin
396483,Shea Lacey,FWD,33,Manchester United,S. Lacey
396729,J. Scanlon,MID,33,Manchester United,J. Scanlon
402330,J. Kamason,DEF,33,Manchester United,J. Kamason
402331,R. Munro,DEF,33,Manchester United,R. Munro
403064,H. Amass,DEF,33,Manchester United,H. Amass
404017,Tyler Fletcher,MID,33,Manchester United,T. Fletcher
404769,Bendito Mantato,MID,33,Manchester United,Bendito
406098,William Stephen Murdock,GK,33,Manchester United,William
407026,Daniel Armer,DEF,33,Manchester United,Daniel
418210,S. Koné,MID,33,Manchester United,Cone
440159,G. Kukonki,DEF,33,Manchester United,G. Kukonki
440160,J. Thwaites,MID,33,Manchester United,J. Thwaites
169,K. Trippier,DEF,34,Newcastle,Tripper
723,Joelinton,MID,34,Newcastle,Joelintone
1463,J. Willock,MID,34,Newcastle,Hillock
1972,L. Karius,GK,34,Newcastle,Ikarius
2806,F. Schär,DEF,34,Newcastle,Schar
2855,E. Krafth,DEF,34,Newcastle,Kraft
2864,A. Isak,FWD,34,Newcastle,Isaac
2939,C. Wilson,FWD,34,Newcastle,Willson
10135,Bruno Guimarães,MID,34,Newcastle,B. Guitarres
18737,J. Ruddy,GK,34,Newcastle,J. Ruddy
18778,H. Barnes,MID,34,Newcastle,H. Barnes
18886,M. Dúbravka,GK,34,Newcastle,M. Dubravka
18892,P. Dummett,DEF,34,Newcastle,P. Dummett
18894,J. Lascelles,DEF,34,Newcastle,J. Lascelles
18896,Javier Manquillo,DEF,34,Newcastle,Javier
18899,I. Hayden,MID,34,Newcastle,I. Hayden
18901,S. Longstaff,MID,34,Newcastle,Longstaffe
18903,M. Ritchie,MID,34,Newcastle,M. Ritchie
18911,N. Pope,GK,34,Newcastle,Pope
18941,M. Targett,DEF,34,Newcastle,M. Targett
18961,D. Burn,DEF,34,Newcastle,D. Burn
19163,J. Murphy,MID,34,Newcastle,J. Murphy
31146,S. Tonali,MID,34,Newcastle,Tonal
38734,S. Botman,DEF,34,Newcastle,Batman
44912,M. Gillespie,GK,34,Newcastle,M. Gillespie
68127,K. Watts,DEF,34,Newcastle,K. Watts
138787,A. Gordon,FWD,34,Newcastle,Gordon
138906,J. White,MID,34,Newcastle,J. White
158694,T. Livramento,DEF,34,Newcastle,Livramento
171058,H. Ashby,DEF,34,Newcastle,H. Ashby
284278,Michael Ndiweni,FWD,34,Newcastle,Michael
284291,J. Turner-Cooke,MID,34,Newcastle,J. Turner-Cooke
284305,Jamie Miley,MID,34,Newcastle,J. Miley
284373,L. De Bolle,MID,34,Newcastle,L. De Bolle
284375,James Alan Huntley,MID,34,Newcastle,J. Huntley
313671,Ciaran Thompson,DEF,34,Newcastle,Ciaran
315237,W. Osula,FWD,34,Newcastle,W. Osula
318056,A. Murphy,DEF,34,Newcastle,A. Murphy
322304,Cathal Heffernan,DEF,34,Newcastle,Cathal
328104,Ben Parkinson,FWD,34,Newcastle,B. Parkinson
328105,L. Miley,MID,34,Newcastle,L. Miley
337934,L. Shahar,DEF,34,Newcastle,L. Shahar
340919,Ellis Stanton,MID,34,Newcastle,E. Stanton
344233,J. Emerson,FWD,34,Newcastle,J. Emerson
349987,G. Kuol,FWD,34,Newcastle,G. Kuol
352210,Dylan Charlton,DEF,34,Newcastle,D. Charlton
365988,Aidan Harris,GK,34,Newcastle,A. Harris
382344,A. Munda,MID,34,Newcastle,A. Munda
382345,Alfie Harrison,MID,34,Newcastle,A. Harrison
394165,S. Neave,FWD,34,Newcastle,S. Neave
401389,T. Sanusi,FWD,34,Newcastle,T. Sanusi
402524,A. Harrison,GK,34,Newcastle,A. Harrison
792,J. Kluivert,FWD,35,Bournemouth,Kluivert
1125,R. Christie,MID,35,Bournemouth,Christie
1150,T. Adams,MID,35,Bournemouth,T. Adams
2734,P. Billing,MID,35,Bournemouth,P. Billing
6610,M. Senesi,DEF,35,Bournemouth,M. Senesi
18815,R. Fredericks,DEF,35,Bournemouth,R. Fredericks
18866,C. Mepham,DEF,35,Bournemouth,C. Mepham
18869,A. Smith,DEF,35,Bournemouth,A. Smith
18870,D. Brooks,MID,35,Bournemouth,Brooks
18872,L. Cook,MID,35,Bournemouth,Cook
19229,D. Randolph,GK,35,Bournemouth,D. Randolph
19245,M. Tavernier,MID,35,Bournemouth,M. Tavernier
19263,L. Kelly,DEF,35,Bournemouth,L. Kelly
19281,A. Semenyo,FWD,35,Bournemouth,Semenyo
19356,E. Marcondes,MID,35,Bournemouth,E. Marcondes
19804,K. Moore,FWD,35,Bournemouth,Moore
20093,J. Hill,DEF,35,Bournemouth,J. Hill
30765,I. Radu,GK,35,Bournemouth,I. Radu
31057,H. Traorè,MID,35,Bournemouth,Traore
37161,L. Sinisterra,FWD,35,Bournemouth,Sinister
84082,R. Faivre,MID,35,Bournemouth,R. Faivre
94360,A. Paulsen,GK,35,Bournemouth,A. Paulsen
130416,G. Kilkenny,MID,35,Bournemouth,G. Kilkenny
151756,W. Dennis,GK,35,Bournemouth,W. Dennis
152856,Evanilson,FWD,35,Bournemouth,Evalinson
161671,I. Zabarnyi,DEF,35,Bournemouth,Zabarnyi
196855,J. Anthony,FWD,35,Bournemouth,J. Anthony
296458,D. Jebbison,FWD,35,Bournemouth,D. Jebbison
298060,Z. Silcott-Duberry,FWD,35,Bournemouth,Z. Silcott-Duberry
304853,A. Scott,MID,35,Bournemouth,A. Scott
334725,D. Sadi,FWD,35,Bournemouth,D. Sadi
359942,M. Akinmboni,DEF,35,Bournemouth,M. Akinmboni
361497,D. Huijsen,DEF,35,Bournemouth,Huijsen
363333,J. Soler,DEF,35,Bournemouth,J. Soler
382160,D. Adu-Adjei,FWD,35,Bournemouth,D. Adu-Adjei
382166,C. Plain,GK,35,Bournemouth,C. Plain
382170,M. Kinsey-Wellings,DEF,35,Bournemouth,M. Kinsey-Wellings
394710,C. McKenna,GK,35,Bournemouth,C. McKenna
402432,Ben Winterburn,MID,35,Bournemouth,B. Winterburn
402434,Remy Rees-Dottin,FWD,35,Bournemouth,R. Rees-Dottin
449224,Archie Harris,DEF,35,Bournemouth,Archie
105,F. Ballo-Touré,DEF,36,Fulham,F. Ballo-Toure
657,K. Tete,DEF,36,Fulham,K. Tete
899,Andreas Pereira,MID,36,Fulham,A. Perreira
946,K. Mbabu,DEF,36,Fulham,K. Mbabu
1438,B. Leno,GK,36,Fulham,Leno
1455,A. Iwobi,FWD,36,Fulham,Iwoby
1934,S. Berge,MID,36,Fulham,S. Berge
2294,Willian,FWD,36,Fulham,William
2823,S. Lukić,MID,36,Fulham,S. Lukic
2887,R. Jiménez,FWD,36,Fulham,Jimenez
2920,T. Castagne,DEF,36,Fulham,T. Castagne
18753,Adama Traoré,FWD,36,Fulham,Adama
18814,I. Diop,DEF,36,Fulham,I. Diop
19023,T. Ream,DEF,36,Fulham,T. Ream
19025,T. Cairney,MID,36,Fulham,T. Cairney
19043,T. Kongolo,DEF,36,Fulham,T. Kongolo
19221,H. Wilson,FWD,36,Fulham,H. Wilson
19312,S. Benda,GK,36,Fulham,S. Benda
19480,H. Reed,MID,36,Fulham,H. Reed
19549,A. Robinson,DEF,36,Fulham,A. Robinson
19657,M. Rodák,GK,36,Fulham,M. Rodak
41104,João Palhinha,MID,36,Fulham,Palhinha
126690,K. Bowie,FWD,36,Fulham,K. Bowie
129705,L. Ashby-Hammond,GK,36,Fulham,L. Ashby-Hammond
152967,C. Bassey,DEF,36,Fulham,C. Bassey
153420,G. Wickens,GK,36,Fulham,G. Wickens
191971,J. Stansfield,FWD,36,Fulham,Stansfield
195106,Rodrigo Muniz,FWD,36,Fulham,Muniz
284470,M. Dibley-Dias,MID,36,Fulham,M. Dibley-Dias
284475,L. Harris,MID,36,Fulham,L. Harris
284559,Alexander Paul Borto,GK,36,Fulham,Alexander
297635,Devan Austin Tanton Pedraza,DEF,36,Fulham,D. Pedraza
327738,L. De Fougerolles,DEF,36,Fulham,L. De Fougerolles
335116,K. Šekularac,MID,36,Fulham,K. Sekularac
359386,M. Godo,FWD,36,Fulham,M. Godo
384981,S. Amissah,DEF,36,Fulham,S. Amissah
389315,Joshua King,MID,36,Fulham,Joshua
130,Nélson Semedo,DEF,39,Wolves,Semedo
285,K. Hoever,DEF,39,Wolves,K. Hoever
1165,Matheus Cunha,FWD,39,Wolves,Cunha
1590,José Sá,GK,39,Wolves,Jose Sa
1605,Daniel Podence,FWD,39,Wolves,Podence
2032,J. Strand Larsen,FWD,39,Wolves,Strand Larson
2056,Pablo Sarabia,MID,39,Wolves,Sarabia
3080,M. Munetsi,MID,39,Wolves,M. Munetsi
7722,S. Kalajdzic,FWD,39,Wolves,S. Kalajdzic
18742,M. Doherty,DEF,39,Wolves,M. Doherty
18947,M. Lemina,MID,39,Wolves,M. Lemina
19147,C. Dawson,DEF,39,Wolves,C. Dawson
19341,D. Bentley,GK,39,Wolves,D. Bentley
20665,J. Bellegarde,MID,39,Wolves,J. Bellegarde
24888,Hwang Hee-Chan,FWD,39,Wolves,Hwang
41606,Toti Gomes,DEF,39,Wolves,Toti
135068,E. Agbadou,DEF,39,Wolves,E. Agbadou
135334,S. Bueno,DEF,39,Wolves,S. Bueno
144732,T. Doyle,MID,39,Wolves,T. Doyle
149564,L. Cundle,MID,39,Wolves,L. Cundle
157912,B. Traoré,MID,39,Wolves,B. Traore
158432,C. Campbell,MID,39,Wolves,C. Campbell
171035,T. Chirewa,FWD,39,Wolves,T. Chirewa
195103,João Gomes,MID,39,Wolves,J. Gnomes
195962,Chiquinho,FWD,39,Wolves,Chiquinho
204033,J. Hodge,MID,39,Wolves,J. Hodge
265784,André,MID,39,Wolves,Andre
280687,Hugo Bueno,DEF,39,Wolves,Hugo Bueno
282126,Carlos Forbs,FWD,39,Wolves,Forbes
282770,Rodrigo Gomes,DEF,39,Wolves,R. Gnomes
283272,A. Pond,DEF,39,Wolves,A. Pond
284236,Temple Ojinnaka,MID,39,Wolves,Temple
284259,Ty Kimoni Barnett,FWD,39,Wolves,T. Barnett
284262,H. Griffiths,MID,39,Wolves,H. Griffiths
284357,Aaron Keto-Diyawa,DEF,39,Wolves,A. Keto-Diyawa
284359,Justin Quincy Hubner,DEF,39,Wolves,Justin
303019,N. Fraser,FWD,39,Wolves,N. Fraser
303322,N. Djiga,DEF,39,Wolves,N. Djiga
328118,Matthew Whittingham,MID,39,Wolves,Matthew
338856,N. Lemina,MID,39,Wolves,N. Lemina
380653,L. Chiwome,FWD,39,Wolves,L. Chiwome
385726,E. González,FWD,39,Wolves,E. Gonzales
388777,B. Meupiyou,DEF,39,Wolves,B. Meupiyou
389302,T. Edozie,FWD,39,Wolves,T. Edozie
398933,F. Holman,FWD,39,Wolves,F. Holman
401098,L. Rawlings,MID,39,Wolves,L. Rawlings
402504,L. Benjamin,GK,39,Wolves,L. Benjamin
408893,Wesley Okoduwa,DEF,39,Wolves,Wesley
436879,E. Ballard-Matthews,FWD,39,Wolves,E. Ballard-Matthews
449245,Pedro Lima,DEF,39,Wolves,P. Lima
456206,M. Mane,FWD,39,Wolves,M. Mane
280,Alisson Becker,GK,40,Liverpool,Alisson
281,C. Kelleher,GK,40,Liverpool,Kelleher
283,T. Alexander-Arnold,DEF,40,Liverpool,Trent Arnold
284,J. Gomez,DEF,40,Liverpool,J. Gomes
286,J. Matip,DEF,40,Liverpool,J. Matip
289,A. Robertson,DEF,40,Liverpool,Robertson
290,V. van Dijk,DEF,40,Liverpool,Van Dyck
293,C. Jones,MID,40,Liverpool,C. Jones
306,Mohamed Salah,FWD,40,Liverpool,Salsa
507,Thiago Alcântara,MID,40,Liverpool,Thiago
542,R. Gravenberch,MID,40,Liverpool,Gravenberch
1096,D. Szoboszlai,MID,40,Liverpool,Szoboslai
1145,I. Konaté,DEF,40,Liverpool,Konate
1600,K. Tsimikas,DEF,40,Liverpool,K. Tsimikas
2678,Diogo Jota,FWD,40,Liverpool,Jota
6716,A. Mac Allister,MID,40,Liverpool,McAllister
8500,W. Endo,MID,40,Liverpool,W. Endo
18812,Adrián,GK,40,Liverpool,Adrian
18889,F. Woodman,GK,40,Liverpool,F. Woodman
19035,H. Elliott,MID,40,Liverpool,H. Elliott
30410,F. Chiesa,FWD,40,Liverpool,Chiesa
51617,D. Núñez,FWD,40,Liverpool,Nunez
127472,N. Phillips,DEF,40,Liverpool,N. Phillips
135525,C. Ramsay,DEF,40,Liverpool,C. Ramsay
152654,J. Frimpong,DEF,40,Liverpool,Frimpong
152976,Thomas Daniel Hill,MID,40,Liverpool,Thomas
152979,James Barry Norris,DEF,40,Liverpool,J. Norris
158693,O. Beck,DEF,40,Liverpool,O. Beck
158698,J. Quansah,DEF,40,Liverpool,J. Quansah
162590,T. Morton,MID,40,Liverpool,T. Morton
162687,V. Jaroš,GK,40,Liverpool,V. Jaros
162904,R. Williams,DEF,40,Liverpool,R. Williams
180316,H. Davies,GK,40,Liverpool,H. Davies
180317,C. Bradley,DEF,40,Liverpool,C. Bradley
180866,Marcelo,GK,40,Liverpool,Marcelu
203224,F. Wirtz,MID,40,Liverpool,Wirts
206254,M. Kerkez,DEF,40,Liverpool,Kerkez
280683,James Balagizi,MID,40,Liverpool,J. Balagizi
284247,H. Blair,FWD,40,Liverpool,H. Blair
284286,Isaac Mabaya,DEF,40,Liverpool,I. Mabaya
284287,Mateusz Konrad Musiałowski,MID,40,Liverpool,Mateusz
284366,L. Chambers,DEF,40,Liverpool,L. Chambers
284367,Luca Stephenson,MID,40,Liverpool,L. Stephenson
286764,Kaide Gordon,FWD,40,Liverpool,K. Gordon
287111,Fabian Mrozek,GK,40,Liverpool,Fabian
310186,C. Scanlon,DEF,40,Liverpool,C. Scanlon
314661,J. Danns,FWD,40,Liverpool,J. Danns
328107,L. Koumas,FWD,40,Liverpool,Koumas
334729,B. Clark,MID,40,Liverpool,B. Clark
340246,Trent Toure Kone Doherty,FWD,40,Liverpool,T. Doherty
342467,Á. Pécsi,GK,40,Liverpool,Á. Pecsi
343576,B. Doak,FWD,40,Liverpool,Doak
380657,R. Young,FWD,40,Liverpool,R. Young
389032,K. Morrison,MID,40,Liverpool,K. Morrison
397997,T. Nyoni,MID,40,Liverpool,T. Nyoni
452685,R. Ngumoha,FWD,40,Liverpool,R. Ngumoha
171,K. Walker-Peters,DEF,41,Southampton,Walker
295,A. Lallana,MID,41,Southampton,Lalaland
1902,D. Ćaleta-Car,DEF,41,Southampton,Caleta-Car
2999,J. Bednarek,DEF,41,Southampton,J. Bednarek
18873,R. Fraser,MID,41,Southampton,R. Fraser
18918,C. Taylor,DEF,41,Southampton,C. Taylor
18935,A. McCarthy,GK,41,Southampton,A. McCarthy
18940,J. Stephens,DEF,41,Southampton,J. Stephens
19248,N. Wood-Gordon,DEF,41,Southampton,N. Wood-Gordon
19482,J. Rothwell,MID,41,Southampton,J. Rothwell
19484,A. Armstrong,FWD,41,Southampton,Armstrong
19524,C. Adams,FWD,41,Southampton,C. Adams
19573,J. Lumley,GK,41,Southampton,J. Lumley
19587,R. Manning,DEF,41,Southampton,R. Manning
19719,J. Bree,DEF,41,Southampton,J. Bree
19825,J. Aribo,MID,41,Southampton,J. Aribo
25061,A. Bella-Kotchap,DEF,41,Southampton,A. Bella-Kotchap
30476,Lyanco,DEF,41,Southampton,Lyancu
32887,Y. Sugawara,DEF,41,Southampton,Y. Sugawara
40165,M. Lis,GK,41,Southampton,M. Lis
45078,R. Stewart,FWD,41,Southampton,R. Stewart
105971,G. Bazunu,GK,41,Southampton,G. Bazunu
130421,W. Smallbone,MID,41,Southampton,W. Smallbone
159420,R. Edwards,DEF,41,Southampton,R. Edwards
180919,Welington,DEF,41,Southampton,Wellington
190686,S. Mara,FWD,41,Southampton,S. Mara
199837,K. Sulemana,FWD,41,Southampton,K. Sulemana
263177,A. Grønbæk,MID,41,Southampton,Gronbeck
278085,S. Edozie,MID,41,Southampton,Edozie
284264,Juan Larios,DEF,41,Southampton,J. Larios
284356,S. Charles,MID,41,Southampton,S. Charles
303460,D. Ballard,FWD,41,Southampton,D. Ballard
304317,T. Dibling,MID,41,Southampton,Dibbling
304318,Cameron Bragg,MID,41,Southampton,Cameron
322305,J. O'Brien-Whitmarsh,MID,41,Southampton,J. O'Brien-Whitmarsh
334035,S. Amo-Ameyaw,FWD,41,Southampton,S. Amo-Ameyaw
336585,Mateus Fernandes,MID,41,Southampton,M. Fernandes
354581,N. Lawrence,DEF,41,Southampton,N. Lawrence
358666,R. Akachukwu,MID,41,Southampton,R. Akachukwu
380691,Jay Robinson,FWD,41,Southampton,J. Robinson
395809,J. Sanda,DEF,41,Southampton,J. Sanda
412152,Jayden Moore,DEF,41,Southampton,Jayden
423803,R. Takaoka,FWD,41,Southampton,R. Takaoka
49,T. Partey,MID,42,Arsenal,Party
190,Cédric Soares,DEF,42,Arsenal,Cedric
641,O. Zinchenko,DEF,42,Arsenal,Zinchenko
643,Gabriel Jesus,FWD,42,Arsenal,G. Jesus
645,R. Sterling,FWD,42,Arsenal,Stirling
727,R. Nelson,FWD,42,Arsenal,R. Nelson
912,Neto,GK,42,Arsenal,Netu
978,K. Havertz,FWD,42,Arsenal,Havertz
1117,K. Tierney,DEF,42,Arsenal,K. Tierney
1161,E. Smith Rowe,MID,42,Arsenal,E. Smith Rowe
1452,Mohamed Elneny,MID,42,Arsenal,Mohamed
1460,B. Saka,FWD,42,Arsenal,Sake
1946,L. Trossard,FWD,42,Arsenal,Trossard
2289,Jorginho,MID,42,Arsenal,Jorginho
2597,T. Tomiyasu,DEF,42,Arsenal,T. Tomiyasu
2937,D. Rice,MID,42,Arsenal,Rice
19959,B. White,DEF,42,Arsenal,White
20355,A. Ramsdale,GK,42,Arsenal,A. Ramsdale
22090,W. Saliba,DEF,42,Arsenal,Saliba
22224,Gabriel Magalhães,DEF,42,Arsenal,Gabriel
37127,M. Ødegaard,MID,42,Arsenal,Odegaard
38746,J. Timber,DEF,42,Arsenal,Timber
41725,Fábio Vieira,MID,42,Arsenal,F. Vieira
47311,Mikel Merino,MID,42,Arsenal,Merino
61431,J. Kiwior,DEF,42,Arsenal,J. Kiwior
127769,Gabriel Martinelli,FWD,42,Arsenal,Martinelli
153407,N. Butler-Oyedeji,FWD,42,Arsenal,N. Butler-Oyedeji
157052,R. Calafiori,DEF,42,Arsenal,Calafiori
163068,O. Rekik,DEF,42,Arsenal,O. Rekik
169295,K. Hein,GK,42,Arsenal,K. Hein
278074,S. Oulad M'Hand,MID,42,Arsenal,S. Oulad M'Hand
283026,M. Biereth,FWD,42,Arsenal,M. Biereth
284463,Jack Henry-Francis,MID,42,Arsenal,J. Henry-Francis
284502,James Lannin-Sweet,DEF,42,Arsenal,J. Lannin-Sweet
284540,Mauro Bandeira,MID,42,Arsenal,M. Bandeira
284557,Z. Monlouis,DEF,42,Arsenal,Z. Monlouis
284571,C. Sagoe,FWD,42,Arsenal,C. Sagoe
309505,R. Walters,DEF,42,Arsenal,R. Walters
309506,J. Robinson,DEF,42,Arsenal,J. Robinson
311520,Marquinhos,FWD,42,Arsenal,Marquinhos
313229,J. Gower,MID,42,Arsenal,J. Gower
313236,E. Nwaneri,MID,42,Arsenal,Nwaneri
313245,M. Lewis-Skelly,DEF,42,Arsenal,Lewis-Skelly
337933,Alexei Rojas Fedorushchenko,GK,42,Arsenal,Alexei
339175,M. Rosiak,DEF,42,Arsenal,M. Rosiak
342243,T. Setford,GK,42,Arsenal,T. Setford
348818,B. Clarke,DEF,42,Arsenal,B. Clarke
380696,Joshua Nichols,DEF,42,Arsenal,Joshua
380697,M. Kacurri,DEF,42,Arsenal,M. Kacurri
396206,L. Martin,GK,42,Arsenal,L. Martin
402329,A. Heaven,DEF,42,Arsenal,A. Heaven
407033,Ismeal Kabia,FWD,42,Arsenal,Ismeal
416697,J. Porter,GK,42,Arsenal,J. Porter
172,D. Alli,MID,45,Everton,D. Alli
894,A. Young,DEF,45,Everton,A. Young
895,J. Garner,MID,45,Everton,J. Garner
2165,V. Mykolenko,DEF,45,Everton,V. Mykolenko
2932,J. Pickford,GK,45,Everton,Pickford
2934,M. Keane,DEF,45,Everton,M. Keane
2936,J. Tarkowski,DEF,45,Everton,Tarkowsky
2990,I. Gueye,MID,45,Everton,Gueye
15884,J. Lindstrøm,MID,45,Everton,J. Lindstrm
17661,J. Branthwaite,DEF,45,Everton,Branthwayte
18592,I. Ndiaye,FWD,45,Everton,I. Ndiaye
18755,João Virgínia,GK,45,Everton,J. Virginia
18758,S. Coleman,DEF,45,Everton,S. Coleman
18765,André Gomes,MID,45,Everton,A. Gnomes
18766,D. Calvert-Lewin,FWD,45,Everton,Calvert-Lewin
18805,A. Doucouré,MID,45,Everton,Doucoure
18858,A. Begović,GK,45,Everton,A. Begovic
18860,M. Travers,GK,45,Everton,M. Travers
18929,D. McNeil,FWD,45,Everton,McNeil
19128,J. Harrison,FWD,45,Everton,J. Harrison
19150,M. Holgate,DEF,45,Everton,M. Holgate
20069,B. Crellin,GK,45,Everton,B. Crellin
20224,A. Lonergan,GK,45,Everton,A. Lonergan
82855,T. King,GK,45,Everton,T. King
125743,Beto,FWD,45,Everton,Beto
138417,N. Patterson,DEF,45,Everton,N. Patterson
138844,H. Tyrer,GK,45,Everton,H. Tyrer
167657,T. Onyango,MID,45,Everton,T. Onyango
195993,C. Alcaraz,MID,45,Everton,C. Alcaraz
270139,J. O'Brien,DEF,45,Everton,J. O'Brien
284266,L. Warrington,MID,45,Everton,L. Warrington
284280,Luke Joseph Butterfield,MID,45,Everton,L. Butterfield
284326,Zan-Luk Leban,GK,45,Everton,Zan-Luk
284327,R. Welch,DEF,45,Everton,R. Welch
284385,Elijah Xavier Campbell,DEF,45,Everton,Elijah
296664,Isaac Heath,FWD,45,Everton,I. Heath
297640,Roman Dixon,DEF,45,Everton,R. Dixon
297641,Jenson Metcalfe,MID,45,Everton,Jenson
298099,Mackenzie Hunt,DEF,45,Everton,Mackenzie
301714,Owen Barker,MID,45,Everton,O. Barker
328115,Martin Sherif,FWD,45,Everton,Martin
330412,Youssef Chermiti,FWD,45,Everton,Chermite
361676,Coby Ebere,FWD,45,Everton,C. Ebere
361679,Callum Bates,MID,45,Everton,Callum
394501,Bradley Moonan,DEF,45,Everton,Bradley
405360,H. Armstrong,MID,45,Everton,H. Armstrong
182,H. Winks,MID,46,Leicester,Winks
879,S. Mavididi,FWD,46,Leicester,S. Mavididi
1098,P. Daka,FWD,46,Leicester,Daka
2925,D. Praet,MID,46,Leicester,D. Praet
8694,W. Faes,DEF,46,Leicester,W. Faes
15870,M. Hermansen,GK,46,Leicester,Hermanson
17736,D. Iversen,GK,46,Leicester,D. Iversen
18146,D. Ward,GK,46,Leicester,D. Ward
18741,C. Coady,DEF,46,Leicester,C. Coady
18771,Ricardo Pereira,DEF,46,Leicester,R. Perreira
18777,M. Albrighton,MID,46,Leicester,M. Albrighton
18779,H. Choudhury,MID,46,Leicester,H. Choudhury
18786,W. Ndidi,MID,46,Leicester,Ndidi
18788,J. Vardy,FWD,46,Leicester,Varsity
18943,J. Vestergaard,DEF,46,Leicester,J. Vestergaard
19004,B. De Cordova-Reid,FWD,46,Leicester,B. De Cordova-Reid
19760,J. Justin,DEF,46,Leicester,J. Justin
20079,H. Souttar,DEF,46,Leicester,H. Souttar
30427,C. Okoli,DEF,46,Leicester,C. Okoli
128338,W. Coulibaly,DEF,46,Leicester,W. Coulibaly
138929,L. Brunt,DEF,46,Leicester,L. Brunt
152969,L. Thomas,DEF,46,Leicester,L. Thomas
152970,J. Stolarczyk,GK,46,Leicester,J. Stolarczyk
158710,V. Kristiansen,DEF,46,Leicester,V. Kristiansen
215874,T. Cannon,FWD,46,Leicester,T. Cannon
278115,Harvey George Godsmark-Ford,DEF,46,Leicester,Harvey
278116,Tawanda Jethro Maswanhise,FWD,46,Leicester,Tawanda
278118,B. Nelson,DEF,46,Leicester,B. Nelson
283289,A. Raikhy,MID,46,Leicester,A. Raikhy
283290,K. McAteer,MID,46,Leicester,K. McAteer
284403,Silko Amari Otieno Thomas,FWD,46,Leicester,S. Thomas
284487,Wanya Marcal,FWD,46,Leicester,W. Marcal
284530,Brandon Ashley Cover,MID,46,Leicester,Brandon
289624,S. Braybrooke,MID,46,Leicester,S. Braybrooke
303467,A. Fatawu,FWD,46,Leicester,Fatawu
304316,Henry Cartwright,MID,46,Leicester,H. Cartwright
304322,C. Popov,FWD,46,Leicester,C. Popov
305732,T. Wilson-Brown,DEF,46,Leicester,T. Wilson-Brown
305733,W. Alves,MID,46,Leicester,W. Alves
340573,B. El Khannouss,MID,46,Leicester,El Khannous
350626,L. Briggs,MID,46,Leicester,L. Briggs
400745,S. Bausor,GK,46,Leicester,S. Bausor
417310,O. Aluko,DEF,46,Leicester,O. Aluko
434183,J. Evans,FWD,46,Leicester,J. Evans
460853,J. Monga,MID,46,Leicester,J. Monga
161,A. Whiteman,GK,47,Tottenham,A. Whiteman
164,B. Davies,DEF,47,Tottenham,B. Davies
175,E. Dier,DEF,47,Tottenham,E. Dier
180,O. Skipp,MID,47,Tottenham,O. Skipp
186,Son Heung-Min,FWD,47,Tottenham,Son
662,T. Ndombélé,MID,47,Tottenham,T. Ndombele
697,M. Solomon,FWD,47,Tottenham,M. Solomon
739,Regulon,DEF,47,Tottenham,Regulon
863,R. Bentancur,MID,47,Tottenham,Bentancourt
1166,T. Werner,FWD,47,Tottenham,T. Werner
1578,G. Lo Celso,MID,47,Tottenham,G. Lo Celso
2061,Bryan Gil,FWD,47,Tottenham,B. Gil
2413,Richarlison,FWD,47,Tottenham,Richarlison
2735,P. Højbjerg,MID,47,Tottenham,P. Hjbjerg
18784,J. Maddison,MID,47,Tottenham,Madison
18883,D. Solanke,FWD,47,Tottenham,Solanke
18932,F. Forster,GK,47,Tottenham,F. Forster
18968,Y. Bissouma,MID,47,Tottenham,Bissouma
19032,R. Sessegnon,MID,47,Tottenham,R. Sessegnon
19235,D. Spence,DEF,47,Tottenham,D. Spence
19321,J. Rodon,DEF,47,Tottenham,J. Rodon
25287,K. Danso,DEF,47,Tottenham,K. Danso
30435,D. Kulusevski,MID,47,Tottenham,Kulusevsky
30776,C. Romero,DEF,47,Tottenham,Romero
31354,G. Vicario,GK,47,Tottenham,Vicario
47519,Pedro Porro,DEF,47,Tottenham,Porro
129711,B. Johnson,FWD,47,Tottenham,B. Johnson
149550,J. Tanganga,DEF,47,Tottenham,J. Tanganga
149551,T. Parrott,FWD,47,Tottenham,T. Parrott
152849,M. van de Ven,DEF,47,Tottenham,Van de Fen
156428,B. Austin,GK,47,Tottenham,B. Austin
162148,M. Robson,MID,47,Tottenham,M. Robson
162150,N. John,MID,47,Tottenham,N. John
162493,M. Craig,MID,47,Tottenham,M. Craig
162498,R. Dragusin,DEF,47,Tottenham,R. Dragusin
162552,D. Scarlett,FWD,47,Tottenham,D. Scarlett
204039,D. Udogie,DEF,47,Tottenham,Udogie
237129,P. Sarr,MID,47,Tottenham,Sarr
265826,A. Kinsky,GK,47,Tottenham,A. Kinsky
270510,M. Tel,FWD,47,Tottenham,M. Tel
273757,A. Devine,MID,47,Tottenham,A. Devine
284415,Yago Alonso,FWD,47,Tottenham,Y. Alonso
284417,Dante Jamel Cassanova,DEF,47,Tottenham,D. Cassanova
293163,J. Donley,MID,47,Tottenham,J. Donley
301281,A. Phillips,DEF,47,Tottenham,A. Phillips
310531,Rio Kyerematen,MID,47,Tottenham,R. Kyerematen
336564,W. Odobert,FWD,47,Tottenham,Odobert
337929,G. Abbott,DEF,47,Tottenham,G. Abbott
344247,Luca Gunter,GK,47,Tottenham,L. Gunter
347316,L. Bergvall,MID,47,Tottenham,Bergwall
349384,T. Hall,MID,47,Tottenham,T. Hall
361734,D. Ajayi,FWD,47,Tottenham,D. Ajayi
361736,Leo Black,FWD,47,Tottenham,L. Black
380689,C. Olusesi,MID,47,Tottenham,C. Olusesi
392607,Maeson King,DEF,47,Tottenham,Maeson
393195,W. Lankshear,FWD,47,Tottenham,W. Lankshear
423708,Yang Min-Hyeok,FWD,47,Tottenham,Yang
459203,M. Hardy,DEF,47,Tottenham,M. Hardy
465310,L. Williams-Barnett,FWD,47,Tottenham,L. Williams-Barnett
138,J. Todibo,DEF,48,West Ham,Todibo
253,A. Areola,GK,48,West Ham,A. Areola
665,M. Cornet,FWD,48,West Ham,M. Cornet
930,Carlos Soler,MID,48,West Ham,C. Solar
1231,V. Coufal,DEF,48,West Ham,V. Coufal
1243,T. Soucek,MID,48,West Ham,T. Soucek
1445,K. Mavropanos,DEF,48,West Ham,K. Mavropanos
1646,Lucas Paqueta,MID,48,West Ham,L. Paqueta
1736,W. Foderingham,GK,48,West Ham,W. Foderingham
2284,Emerson,DEF,48,West Ham,Emerson
2476,G. Rodriguez,MID,48,West Ham,G. Rodrigues
2726,K. Zouma,DEF,48,West Ham,K. Zouma
2869,E. Alvarez,MID,48,West Ham,E. Alvares
2997,L. Fabianski,GK,48,West Ham,Fabiansky
15911,M. Kudus,MID,48,West Ham,Kudos
18744,M. Kilman,DEF,48,West Ham,M. Kilman
18813,A. Cresswell,DEF,48,West Ham,A. Cresswell
18817,A. Ogbonna,DEF,48,West Ham,A. Ogbonna
18819,M. Antonio,FWD,48,West Ham,M. Antonio
18846,A. Wan-Bissaka,DEF,48,West Ham,Wan-Bissaka
18955,D. Ings,FWD,48,West Ham,D. Ings
19428,J. Bowen,FWD,48,West Ham,Bowen
19733,F. Downes,MID,48,West Ham,F. Downes
21694,N. Aguerd,DEF,48,West Ham,N. Aguerd
25391,N. Fullkrug,FWD,48,West Ham,N. Fullkrug
37724,C. Summerville,FWD,48,West Ham,Summerville
68466,A. Irving,MID,48,West Ham,A. Irving
144709,J. Anang,GK,48,West Ham,J. Anang
144723,K. Hegyi,GK,48,West Ham,K. Hegyi
144725,K. Simon-Swyer,FWD,48,West Ham,K. Simon-Swyer
284060,L. Laing,DEF,48,West Ham,L. Laing
284444,Junior Robinson,DEF,48,West Ham,Junior
284446,F. Potts,MID,48,West Ham,F. Potts
284536,J. Knightbridge,GK,48,West Ham,J. Knightbridge
288116,K. Casey,DEF,48,West Ham,K. Casey
288118,L. Orford,MID,48,West Ham,L. Orford
288125,R. Clayton,DEF,48,West Ham,R. Clayton
291363,George Earthy,MID,48,West Ham,George
310529,G. Kodua,FWD,48,West Ham,G. Kodua
315767,Patrick Kelly,MID,48,West Ham,Patrick
327730,O. Scarles,DEF,48,West Ham,O. Scarles
337932,F. Herrick,GK,48,West Ham,F. Herrick
344707,C. Marshall,FWD,48,West Ham,C. Marshall
401278,M. Kante,MID,48,West Ham,M. Kante
404574,Luis Guilherme,FWD,48,West Ham,L. Guilherme
405530,Ezra Mayers,DEF,48,West Ham,E. Mayers
18,J. Sancho,FWD,49,Chelsea,J. Sancho
95,B. Badiashile,DEF,49,Chelsea,B. Badiashile
259,Thiago Silva,DEF,49,Chelsea,T. Silver
269,C. Nkunku,FWD,49,Chelsea,C. Nkunku
1864,Pedro Neto,FWD,49,Chelsea,P. Netto
2273,Kepa,GK,49,Chelsea,Keepa
5996,E. Fernandez,MID,49,Chelsea,E. Fernandes
18959,Robert Sanchez,GK,49,Chelsea,Robert
19012,M. Bettinelli,GK,49,Chelsea,M. Bettinelli
19145,T. Adarabioyo,DEF,49,Chelsea,T. Adarabioyo
19545,R. James,DEF,49,Chelsea,R. James
22094,W. Fofana,DEF,49,Chelsea,W. Fofana
22166,M. Sarr,DEF,49,Chelsea,M. Sarr
47380,Marc Cucurella,DEF,49,Chelsea,Cucurella
63577,M. Mudryk,MID,49,Chelsea,Mudrick
64167,G. Slonina,GK,49,Chelsea,G. Slonina
116117,M. Caicedo,MID,49,Chelsea,Caicedo
118307,D. Petrovic,GK,49,Chelsea,D. Petrovic
136723,N. Madueke,FWD,49,Chelsea,Madueke
138777,F. Anjorin,MID,49,Chelsea,F. Anjorin
138822,A. Broja,FWD,49,Chelsea,A. Broja
138935,C. Chukwuemeka,MID,49,Chelsea,C. Chukwuemeka
148099,K. Dewsbury-Hall,MID,49,Chelsea,K. Dewsbury-Hall
152953,L. Colwill,DEF,49,Chelsea,Coldwell
152982,C. Palmer,MID,49,Chelsea,Palmer
161907,M. Gusto,DEF,49,Chelsea,M. Gusto
181796,J. Brooking,DEF,49,Chelsea,J. Brooking
181797,B. Humphreys,DEF,49,Chelsea,B. Humphreys
265733,C. Wiley,DEF,49,Chelsea,C. Wiley
270508,L. Ugochukwu,MID,49,Chelsea,L. Ugochukwu
274550,H. Vale,MID,49,Chelsea,H. Vale
282125,R. Lavia,MID,49,Chelsea,Lavia
283058,N. Jackson,FWD,49,Chelsea,Jackson
284260,Dylan Williams,DEF,49,Chelsea,D. Williams
284324,A. Garnacho,FWD,49,Chelsea,Garnacho
284404,Jimi Weikko Tauriainen,MID,49,Chelsea,J. Tauriainen
284406,A. Gilchrist,DEF,49,Chelsea,A. Gilchrist
284492,L. Hall,DEF,49,Chelsea,L. Hall
284532,Zak Norton Sturge,DEF,49,Chelsea,Z. Sturge
286773,Leo Castledine,MID,49,Chelsea,L. Castledine
288055,Angelo,FWD,49,Chelsea,Angelo
298061,Ted Curd,GK,49,Chelsea,T. Curd
305834,Andrey Santos,MID,49,Chelsea,A. Santos
327748,Billy Gee,DEF,49,Chelsea,B. Gee
328093,I. Samuels-Smith,DEF,49,Chelsea,I. Samuels-Smith
330986,M. Golding,MID,49,Chelsea,M. Golding
334037,Tyrique George,FWD,49,Chelsea,Tyrique
336671,Renato Veiga,MID,49,Chelsea,R. Veiga
366735,Joshua Kofi Acheampong,DEF,49,Chelsea,Joshua
394167,O. Harrison,MID,49,Chelsea,O. Harrison
411808,D. Richards,FWD,49,Chelsea,D. Richards
415001,Deivid Washington,FWD,49,Chelsea,D. Washington
422780,A. Anselmino,DEF,49,Chelsea,A. Anselmino
5,M. Akanji,DEF,50,Manchester City,M. Akanji
23,Sergio Gomez,FWD,50,Manchester City,Sergio
44,Rodri,MID,50,Manchester City,Rodri
567,Ruben Dias,DEF,50,Manchester City,R. Dias
626,J. Stones,DEF,50,Manchester City,J. Stones
627,K. Walker,DEF,50,Manchester City,K. Walker
629,K. De Bruyne,MID,50,Manchester City,De Bruin
631,P. Foden,MID,50,Manchester City,Foden
636,Bernardo Silva,MID,50,Manchester City,Silverio
1100,E. Haaland,FWD,50,Manchester City,Harland
1422,J. Doku,FWD,50,Manchester City,Doku
2291,M. Kovacic,MID,50,Manchester City,M. Kovacic
6009,J. Alvarez,FWD,50,Manchester City,J. Alvares
18861,N. Ake,DEF,50,Manchester City,N. Ake
19187,J. Grealish,MID,50,Manchester City,Garish
21138,R. Ait-Nouri,DEF,50,Manchester City,R. Ait-Nouri
25004,S. Ortega,GK,50,Manchester City,S. Ortega
41621,Matheus Nunes,MID,50,Manchester City,M. Nunes
81573,Omar Marmoush,FWD,50,Manchester City,Marmoush
129033,J. Gvardiol,DEF,50,Manchester City,Gvardio
140947,I. Kabore,DEF,50,Manchester City,I. Kabore
144729,T. Harwood-Bellis,DEF,50,Manchester City,T. Harwood-Bellis
144733,B. Knight,MID,50,Manchester City,B. Knight
158696,F. Burns,DEF,50,Manchester City,F. Burns
161933,Nico Gonzalez,MID,50,Manchester City,N. Gonzales
197448,Yan Couto,DEF,50,Manchester City,Yan Couto
266657,Savio,FWD,50,Manchester City,Saviu
278128,J. Wilson-Esbrand,DEF,50,Manchester City,J. Wilson-Esbrand
278129,L. Mbete,DEF,50,Manchester City,L. Mbete
278133,Oscar Bobb,MID,50,Manchester City,O. Bobb
284228,Kian Breckin,MID,50,Manchester City,K. Breckin
284230,R. Lewis,DEF,50,Manchester City,R. Lewis
284231,Micah Hamilton,FWD,50,Manchester City,M. Hamilton
284372,C. Doyle,DEF,50,Manchester City,C. Doyle
284409,D. Mubama,FWD,50,Manchester City,D. Mubama
288109,A. Robertson,MID,50,Manchester City,Robertson
293168,Max Alleyne,DEF,50,Manchester City,M. Alleyne
303015,Jadel Katongo,DEF,50,Manchester City,J. Katongo
307123,N. O'Reilly,MID,50,Manchester City,N. O'Reilly
328120,Tomas Galvez,DEF,50,Manchester City,T. Galves
337936,L. Samuel,DEF,50,Manchester City,L. Samuel
337941,J. Oboavwoduo,FWD,50,Manchester City,J. Oboavwoduo
345107,A. Ahmed Fatah,FWD,50,Manchester City,A. Ahmed Fatah
347305,Jaden Heskey,FWD,50,Manchester City,J. Heskey
360114,A. Khusanov,DEF,50,Manchester City,A. Khusanov
361675,True Grant,GK,50,Manchester City,T. Grant
382355,Jacob Wright,MID,50,Manchester City,J. Wright
382358,S. Mfuni,DEF,50,Manchester City,S. Mfuni
389035,Farid Alfa-Ruprecht,FWD,50,Manchester City,F. Alfa-Ruprecht
404656,Jahmai Simpson-Pusey,DEF,50,Manchester City,Jahmai
414359,Vitor Nunes,DEF,50,Manchester City,V. Nunes
414385,C. Echeverri,MID,50,Manchester City,C. Echeverri
437557,S. Brits,GK,50,Manchester City,S. Brits
437559,M. Hudson,GK,50,Manchester City,M. Hudson
448969,Reigan Heskey,FWD,50,Manchester City,Reigan
451583,K. Braithwaite,DEF,50,Manchester City,K. Braithwaite
296,J. Milner,MID,51,Brighton,J. Milner
537,J. Veltman,DEF,51,Brighton,J. Veltman
1361,F. Kadioglu,DEF,51,Brighton,F. Kadioglu
1469,D. Welbeck,FWD,51,Brighton,D. Welbeck
7600,Igor,DEF,51,Brighton,Igor
10329,Joao Pedro,FWD,51,Brighton,J. Pedro
18960,J. Steele,GK,51,Brighton,J. Steele
18963,L. Dunk,DEF,51,Brighton,Dunk
18973,S. March,MID,51,Brighton,S. March
19030,M. O'Riley,MID,51,Brighton,M. O'Riley
19265,A. Webster,DEF,51,Brighton,A. Webster
19565,J. Weir,MID,51,Brighton,J. Weir
37276,K. Scherpen,GK,51,Brighton,K. Scherpen
38695,J. van Hecke,DEF,51,Brighton,J. van Hecke
64304,K. Kozlowski,MID,51,Brighton,K. Kozlowsky
90590,G. Rutter,FWD,51,Brighton,G. Rutter
92993,M. Wieffer,MID,51,Brighton,M. Wieffer
106835,K. Mitoma,MID,51,Brighton,Mitoma
129058,B. Verbruggen,GK,51,Brighton,Verbruggen
129643,E. Ferguson,FWD,51,Brighton,Ferguson
130423,B. Gilmour,MID,51,Brighton,Gilmore
137220,A. Moran,MID,51,Brighton,A. Moran
138815,T. Lamptey,DEF,51,Brighton,T. Lamptey
161663,E. Cashin,DEF,51,Brighton,E. Cashin
167656,M. Leonard,MID,51,Brighton,M. Leonard
167663,T. McGill,GK,51,Brighton,T. McGill
200233,Leigh Robert Kavanagh,DEF,51,Brighton,L. Kavanagh
202086,J. Sarmiento,MID,51,Brighton,J. Sarmiento
206404,Samy Olivier Chouchane,MID,51,Brighton,S. Chouchane
265820,Y. Ayari,MID,51,Brighton,Y. Ayari
277191,A. Sima,FWD,51,Brighton,A. Sima
278088,C. Rushworth,GK,51,Brighton,C. Rushworth
278370,D. Gomez,MID,51,Brighton,D. Gomes
280672,E. Turns,DEF,51,Brighton,E. Turns
282254,O. Offiah,DEF,51,Brighton,O. Offiah
284531,Benjamin Harvey Jackson,DEF,51,Brighton,Benjamin
293643,I. Osman,FWD,51,Brighton,I. Osman
296121,J. Hinchy,MID,51,Brighton,J. Hinchy
301771,S. Adingra,FWD,51,Brighton,Adingra
305730,J. Hinshelwood,MID,51,Brighton,Hinshelwood
305735,J. Duffus,FWD,51,Brighton,J. Duffus
309501,A. Cozier-Duberry,MID,51,Brighton,A. Cozier-Duberry
311334,F. Buonanotte,MID,51,Brighton,Buonanotte
328076,C. Tasker,DEF,51,Brighton,C. Tasker
328095,Luca Barrington,FWD,51,Brighton,L. Barrington
328225,B. Gruda,MID,51,Brighton,Gruda
329369,T. Watson,FWD,51,Brighton,T. Watson
336240,N. Atom,DEF,51,Brighton,N. Atom
336599,Benicio Baker-Boaitey,MID,51,Brighton,Benicio
342191,A. Mazilu,FWD,51,Brighton,A. Mazilu
343209,Ruairi McConville,DEF,51,Brighton,Ruairi
356041,C. Baleba,MID,51,Brighton,Baleba
359842,Joe Knight,MID,51,Brighton,J. Knight
379618,J. Slater,DEF,51,Brighton,J. Slater
383685,Y. Minteh,FWD,51,Brighton,Minteh
392610,H. Howell,MID,51,Brighton,H. Howell
410125,M. Yalcouye,MID,51,Brighton,M. Yalcouye
412086,F. Simmonds,DEF,51,Brighton,F. Simmonds
1135,O. Edouard,FWD,52,Crystal Palace,O. Edouard
1440,R. Holding,DEF,52,Crystal Palace,R. Holding
1468,E. Nketiah,FWD,52,Crystal Palace,Nketiah
2218,I. Sarr,FWD,52,Crystal Palace,I. Sarr
2490,J. Lerma,MID,52,Crystal Palace,J. Lerma
2601,D. Kamada,MID,52,Crystal Palace,D. Kamada
2729,J. Andersen,DEF,52,Crystal Palace,Andersen
2933,B. Chilwell,DEF,52,Crystal Palace,B. Chilwell
3339,C. Doucouré,MID,52,Crystal Palace,C. Doucoure
3428,J. Ayew,FWD,52,Crystal Palace,J. Ayew
13736,D. Munoz,DEF,52,Crystal Palace,D. Munoz
18843,J. Schlupp,MID,52,Crystal Palace,J. Schlupp
18844,J. Tomkins,DEF,52,Crystal Palace,J. Tomkins
18847,J. Ward,DEF,52,Crystal Palace,J. Ward
18853,J. Riedewald,MID,52,Crystal Palace,J. Riedewald
18862,N. Clyne,DEF,52,Crystal Palace,N. Clyne
19088,D. Henderson,GK,52,Crystal Palace,D. Henderson
19143,S. Johnstone,GK,52,Crystal Palace,S. Johnstone
19586,E. Eze,MID,52,Crystal Palace,Eze
19617,M. Olise,MID,52,Crystal Palace,Olise
19684,R. Matthews,GK,52,Crystal Palace,R. Matthews
19720,T. Chalobah,DEF,52,Crystal Palace,T. Chalobah
20995,M. Lacroix,DEF,52,Crystal Palace,M. Lacroix
22157,W. Benitez,GK,52,Crystal Palace,W. Benites
25927,J. Mateta,FWD,52,Crystal Palace,Mateta
26303,B. Sosa,DEF,52,Crystal Palace,B. Sosa
67971,M. Guehi,DEF,52,Crystal Palace,M. Guehi
126949,C. Richards,DEF,52,Crystal Palace,C. Richards
127605,N. Ferguson,DEF,52,Crystal Palace,N. Ferguson
144741,L. Moulden,GK,52,Crystal Palace,L. Moulden
152418,N. Ahamada,MID,52,Crystal Palace,N. Ahamada
182201,T. Mitchell,DEF,52,Crystal Palace,T. Mitchell
196856,Daniel Edward Peter Imray,DEF,52,Crystal Palace,Daniel
270357,K. Phillips,MID,52,Crystal Palace,K. Phillips
278898,C. Riad,DEF,52,Crystal Palace,C. Riad
284059,L. Plange,FWD,52,Crystal Palace,L. Plange
284416,Roshaun Mathurin,FWD,52,Crystal Palace,Roshaun
284449,J. Rak-Sakyi,MID,52,Crystal Palace,J. Rak-Sakyi
284493,T. Adaramola,DEF,52,Crystal Palace,T. Adaramola
284551,J. Wells-Morrison,MID,52,Crystal Palace,J. Wells-Morrison
284554,O. Goodman,GK,52,Crystal Palace,O. Goodman
286458,J. Devenny,MID,52,Crystal Palace,J. Devenny
288102,A. Wharton,MID,52,Crystal Palace,Wharton
293162,J. Raymond,MID,52,Crystal Palace,J. Raymond
298129,M. Boateng,MID,52,Crystal Palace,M. Boateng
301295,K. Rodney,MID,52,Crystal Palace,K. Rodney
304319,Ademola Oladipupo Ola-Adebomi,FWD,52,Crystal Palace,Ademola
304320,D. Ozoh,MID,52,Crystal Palace,D. Ozoh
308867,S. Grehan,DEF,52,Crystal Palace,S. Grehan
311157,Matheus Franca,FWD,52,Crystal Palace,Matheus
328808,M. Ebiowei,FWD,52,Crystal Palace,M. Ebiowei
340136,F. Umeh,FWD,52,Crystal Palace,F. Umeh
363974,Z. Marsh,FWD,52,Crystal Palace,Z. Marsh
367634,A. Agbinone,MID,52,Crystal Palace,A. Agbinone
380679,C. Kporha,DEF,52,Crystal Palace,C. Kporha
380680,H. Mustapha,MID,52,Crystal Palace,H. Mustapha
380702,M. Jemide,DEF,52,Crystal Palace,M. Jemide
380703,Rio Cardines,MID,52,Crystal Palace,R. Cardines
402640,R. Esse,MID,52,Crystal Palace,R. Esse
1119,K. Ajer,DEF,55,Brentford,K. Ajer
1835,T. Strakosha,GK,55,Brentford,T. Strakosha
2699,S. Ghoddos,FWD,55,Brentford,S. Ghoddos
2731,M. Jorgensen,DEF,55,Brentford,M. Jorgensen
15745,M. Roerslev,DEF,55,Brentford,M. Roerslev
15799,F. Onyeka,MID,55,Brentford,Onyeka
15908,M. Damsgaard,MID,55,Brentford,Damsgaard
18917,B. Mee,DEF,55,Brentford,B. Mee
18945,S. Armstrong,MID,55,Brentford,S. Armstrong
19340,E. Balcombe,GK,55,Brentford,E. Balcombe
19346,R. Henry,DEF,55,Brentford,R. Henry
19362,J. Dasilva,MID,55,Brentford,J. Dasilva
19364,N. Maupay,FWD,55,Brentford,N. Maupay
19465,David Raya,GK,55,Brentford,Raya
19495,N. Collins,DEF,55,Brentford,N. Collins
19789,E. Pinnock,DEF,55,Brentford,E. Pinnock
19974,I. Toney,FWD,55,Brentford,Toney
20110,S. Baptiste,MID,55,Brentford,S. Baptiste
20589,B. Mbeumo,FWD,55,Brentford,Mbeumo
20649,Y. Wissa,FWD,55,Brentford,Wissa
25073,V. Janelt,MID,55,Brentford,Janelt
26232,M. Flekken,GK,55,Brentford,Flekken
30407,C. Norgaard,MID,55,Brentford,C. Norgaard
36922,S. van den Berg,DEF,55,Brentford,Van den Berg
44871,A. Hickey,DEF,55,Brentford,A. Hickey
47438,M. Jensen,MID,55,Brentford,Jensen
61742,H. Valdimarsson,GK,55,Brentford,H. Valdimarsson
106725,K. Lewis-Potter,FWD,55,Brentford,Lewis-Potter
138832,B. Winterbottom,GK,55,Brentford,B. Winterbottom
153066,Fabio Carvalho,MID,55,Brentford,F. Carvalho
153422,E. Brierley,MID,55,Brentford,E. Brierley
162075,P. Maghoma,MID,55,Brentford,P. Maghoma
178077,K. Schade,MID,55,Brentford,Schade
180308,M. Peart-Harris,MID,55,Brentford,M. Peart-Harris
191337,T. Crama,DEF,55,Brentford,T. Crama
196156,Thiago,FWD,55,Brentford,Thiago
263538,Y. Yarmolyuk,MID,55,Brentford,Y. Yarmolyuk
276263,F. Stevens,DEF,55,Brentford,F. Stevens
278041,M. Cox,GK,55,Brentford,M. Cox
281975,Val Adedokun,DEF,55,Brentford,V. Adedokun
284797,D. Ouattara,FWD,55,Brentford,D. Ouattara
327726,R. Owen,MID,55,Brentford,R. Owen
342022,M. Kayode,DEF,55,Brentford,M. Kayode
349288,Vincent Angelini,GK,55,Brentford,Vincent
350625,J. Meghoma,DEF,55,Brentford,J. Meghoma
356237,Kim Ji-Soo,DEF,55,Brentford,K. Ji-Soo
364980,Conor McManus,DEF,55,Brentford,C. McManus
382925,R. Trevitt,MID,55,Brentford,R. Trevitt
388509,Isaac Holland,MID,55,Brentford,I. Holland
388510,Tony Yogane,MID,55,Brentford,T. Yogane
389579,J. Eyestone,GK,55,Brentford,J. Eyestone
393311,R. Rose,GK,55,Brentford,R. Rose
400938,Iwan Morgan,FWD,55,Brentford,I. Morgan
408221,B. Fredrick,DEF,55,Brentford,B. Fredrick
427736,Gustavo Gomes,FWD,55,Brentford,Gustavo
430734,Y. Konak,MID,55,Brentford,Y. Konak
430827,Benjamin Arthur,DEF,55,Brentford,Benjamin
616,A. Muric,GK,57,Ipswich,A. Muric
2752,M. Luongo,MID,57,Ipswich,M. Luongo
8794,G. Hirst,FWD,57,Ipswich,Hirst
13109,S. Aluko,FWD,57,Ipswich,S. Aluko
15797,J. Cajuste,MID,57,Ipswich,J. Cajuste
17579,S. Szmodics,FWD,57,Ipswich,Szmodies
17597,D. O'Shea,DEF,57,Ipswich,D. O'Shea
17714,L. Woolfenden,DEF,57,Ipswich,Woolfenden
17739,G. Edmundson,DEF,57,Ipswich,G. Edmundson
18397,J. Taylor,MID,57,Ipswich,J. Taylor
18823,B. Johnson,DEF,57,Ipswich,B. Johnson
19073,B. Godfrey,DEF,57,Ipswich,B. Godfrey
19119,L. Davis,DEF,57,Ipswich,L. Davis
19130,K. Phillips,MID,57,Ipswich,K. Phillips
19136,J. Clarke,FWD,57,Ipswich,J. Clarke
19152,C. Townsend,DEF,57,Ipswich,C. Townsend
19182,A. Tuanzebe,DEF,57,Ipswich,A. Tuanzebe
19365,C. Ogbene,FWD,57,Ipswich,Ogbene
19541,C. Walton,GK,57,Ipswich,C. Walton
19558,Sam Morsy,MID,57,Ipswich,Morsy
19723,I. El Mizouni,MID,57,Ipswich,I. El Mizouni
19738,C. Ndaba,DEF,57,Ipswich,C. Ndaba
19744,K. Jackson,FWD,57,Ipswich,K. Jackson
20007,C. Chaplin,FWD,57,Ipswich,C. Chaplin
20031,M. Harness,MID,57,Ipswich,M. Harness
20089,W. Burns,FWD,57,Ipswich,W. Burns
20167,J. Donacien,DEF,57,Ipswich,J. Donacien
20415,F. Ladapo,FWD,57,Ipswich,F. Ladapo
20457,C. Burgess,DEF,57,Ipswich,C. Burgess
44803,D. Ball,MID,57,Ipswich,D. Ball
44994,V. Hladky,GK,57,Ipswich,V. Hladky
70747,J. Enciso,MID,57,Ipswich,Enciso
82097,A. Palmer,GK,57,Ipswich,A. Palmer
126791,N. Broadhead,FWD,57,Ipswich,N. Broadhead
127579,J. Greaves,DEF,57,Ipswich,J. Greaves
138806,B. Williams,DEF,57,Ipswich,B. Williams
138836,H. Clarke,DEF,57,Ipswich,H. Clarke
147832,G. Yahyai,FWD,57,Ipswich,G. Yahyai
158702,C. Slicker,GK,57,Ipswich,C. Slicker
161948,L. Delap,FWD,57,Ipswich,Delappe
283265,E. Baggott,DEF,57,Ipswich,E. Baggott
284428,O. Hutchinson,FWD,57,Ipswich,Hutchinson
299813,Ali Al Hamadi,FWD,57,Ipswich,Al Hamadi
326763,C. Humphreys,MID,57,Ipswich,C. Humphreys
327749,S. Boniface,DEF,57,Ipswich,S. Boniface
348263,C. Stewart,DEF,57,Ipswich,C. Stewart
366629,R. Carr,MID,57,Ipswich,R. Carr
390052,G. Buabo,FWD,57,Ipswich,G. Buabo
431119,L. Ayinde,FWD,57,Ipswich,L. Ayinde
441032,Woody Scott Williamson Andrews,GK,57,Ipswich,W. Andrews
455009,Tom Taylor,MID,57,Ipswich,T. Taylor
279,L. Mbe Soh,DEF,65,Nottingham Forest,L. Mbe Soh
305,D. Origi,FWD,65,Nottingham Forest,D. Origi
371,Felipe,DEF,65,Nottingham Forest,Felipe
557,O. Vlachodimos,GK,65,Nottingham Forest,Vlachodimos
1746,J. Worrall,DEF,65,Nottingham Forest,J. Worrall
2298,C. Hudson-Odoi,FWD,65,Nottingham Forest,Hudson-Odoi
2771,O. Aina,DEF,65,Nottingham Forest,O. Aina
2807,R. Freuler,MID,65,Nottingham Forest,Freuler
2817,N. Milenkovic,DEF,65,Nottingham Forest,N. Milenkovic
2919,M. Sels,GK,65,Nottingham Forest,M. Sels
2938,J. Ward-Prowse,MID,65,Nottingham Forest,Ward-Prowse
2991,C. Kouyate,MID,65,Nottingham Forest,C. Kouyate
6056,N. Dominguez,MID,65,Nottingham Forest,N. Domingues
8598,T. Awoniyi,FWD,65,Nottingham Forest,Awoniyi
10373,Carlos Miguel,GK,65,Nottingham Forest,C. Miguel
14206,B. Aguilera,MID,65,Nottingham Forest,B. Aguilera
17365,H. Toffolo,DEF,65,Nottingham Forest,H. Toffolo
18739,W. Boly,DEF,65,Nottingham Forest,Boly
18746,M. Gibbs-White,MID,65,Nottingham Forest,Gibbs-White
18836,W. Hennessey,GK,65,Nottingham Forest,W. Hennessey
18904,J. Shelvey,MID,65,Nottingham Forest,J. Shelvey
18931,C. Wood,FWD,65,Nottingham Forest,C. Wood
19305,R. Yates,MID,65,Nottingham Forest,R. Yates
19610,O. Richards,DEF,65,Nottingham Forest,O. Richards
20503,L. O'Brien,MID,65,Nottingham Forest,L. O'Brien
22149,I. Sangare,MID,65,Nottingham Forest,I. Sangare
24882,O. Mangala,MID,65,Nottingham Forest,O. Mangala
25916,M. Niakhate,DEF,65,Nottingham Forest,M. Niakhate
41577,Nuno Tavares,DEF,65,Nottingham Forest,N. Tavares
50999,M. Turner,GK,65,Nottingham Forest,M. Turner
67943,Morato,DEF,65,Nottingham Forest,Moratto
83029,J. Bowler,MID,65,Nottingham Forest,J. Bowler
84088,J. Panzo,DEF,65,Nottingham Forest,J. Panzo
129712,A. Mighten,FWD,65,Nottingham Forest,A. Mighten
138780,N. Williams,DEF,65,Nottingham Forest,N. Williams
138908,E. Anderson,MID,65,Nottingham Forest,E. Anderson
147835,A. Omobamidele,DEF,65,Nottingham Forest,A. Omobamidele
153430,A. Elanga,FWD,65,Nottingham Forest,Elanga
158697,J. McAtee,MID,65,Nottingham Forest,J. McAtee
161921,G. Reyna,MID,65,Nottingham Forest,Reyna
196298,R. Sosa,FWD,65,Nottingham Forest,R. Sosa
275170,Danilo,MID,65,Nottingham Forest,Danilo
325851,F. Back,DEF,65,Nottingham Forest,F. Back
327602,D. Osong,FWD,65,Nottingham Forest,D. Osong
327604,Joseph Charles Gardner,FWD,65,Nottingham Forest,Joseph
327609,Jamie Carson McDonnell,MID,65,Nottingham Forest,J. McDonnell
328096,Joel Tshisanga Ndala,FWD,65,Nottingham Forest,J. Ndala
329344,Ben Perry,MID,65,Nottingham Forest,B. Perry
329357,Z. Abbott,DEF,65,Nottingham Forest,Z. Abbott
339138,D. Taylor,FWD,65,Nottingham Forest,D. Taylor
341641,Rodrigo Ribeiro,FWD,65,Nottingham Forest,Rodrigo
363695,Murillo,DEF,65,Nottingham Forest,Murillo
380492,Eric Emanuel da Silva Moreira,FWD,65,Nottingham Forest,E. Moreira
430835,Tyler Bindon,DEF,65,Nottingham Forest,T. Bindon
249,D. Malen,FWD,66,Aston Villa,D. Malen
786,N. Zaniolo,MID,66,Aston Villa,N. Zaniolo
889,V. Lindelof,DEF,66,Aston Villa,V. Lindelof
909,M. Rashford,FWD,66,Aston Villa,Rashford
983,L. Bailey,FWD,66,Aston Villa,Bailey
1904,B. Kamara,MID,66,Aston Villa,Kamara
2287,R. Barkley,MID,66,Aston Villa,R. Barkley
2724,L. Digne,DEF,66,Aston Villa,Digne
2922,L. Dendoncker,MID,66,Aston Villa,Dendoncker
2926,Y. Tielemans,MID,66,Aston Villa,Tielemans
7029,J. Gauci,GK,66,Aston Villa,J. Gauci
19016,C. Chambers,DEF,66,Aston Villa,C. Chambers
19071,E. Buendia,MID,66,Aston Villa,E. Buendia
19170,M. Rogers,FWD,66,Aston Villa,M. Rogers
19177,K. Hause,DEF,66,Aston Villa,K. Hause
19179,T. Mings,DEF,66,Aston Villa,T. Mings
19191,J. McGinn,MID,66,Aston Villa,McGin
19192,J. Ramsey,MID,66,Aston Villa,J. Ramsey
19298,M. Cash,DEF,66,Aston Villa,Cash
19354,E. Konsa,DEF,66,Aston Villa,Konsa
19366,O. Watkins,FWD,66,Aston Villa,Watkins
19599,E. Martinez,GK,66,Aston Villa,E. Martines
21998,A. Disasi,DEF,66,Aston Villa,Disasi
36878,M. Bizot,GK,66,Aston Villa,M. Bizot
46815,Pau Torres,DEF,66,Aston Villa,Pau Torres
47522,Douglas Luiz,MID,66,Aston Villa,D. Luiz
47547,Alex Moreno,DEF,66,Aston Villa,A. Moreno
137302,C. Archer,FWD,66,Aston Villa,C. Archer
138816,I. Maatsen,DEF,66,Aston Villa,Maatsen
138931,J. Philogene,FWD,66,Aston Villa,J. Philogene
138937,F. Marschall,GK,66,Aston Villa,F. Marschall
153425,L. Dobbin,FWD,66,Aston Villa,L. Dobbin
162168,L. Barry,FWD,66,Aston Villa,L. Barry
162173,S. Iling-Junior,FWD,66,Aston Villa,Iling-Junior
162714,A. Onana,MID,66,Aston Villa,Banana
278123,S. Revan,MID,66,Aston Villa,S. Revan
284390,J. Wright,GK,66,Aston Villa,J. Wright
284439,L. Sousa,DEF,66,Aston Villa,L. Sousa
284457,L. Bogarde,DEF,66,Aston Villa,L. Bogarde
284500,T. Iroegbunam,MID,66,Aston Villa,Iroegbunam
284523,S. Swinkels,DEF,66,Aston Villa,S. Swinkels
284556,T. O'Reilly,MID,66,Aston Villa,T. O'Reilly
294638,Finley Munroe,DEF,66,Aston Villa,Finley
298128,K. Kesler-Hayden,DEF,66,Aston Villa,K. Kesler-Hayden
305736,Kobei Moore,FWD,66,Aston Villa,K. Moore
308843,T. Patterson,DEF,66,Aston Villa,T. Patterson
312118,Joshua Feeney,DEF,66,Aston Villa,Joshua
312260,K. Young,FWD,66,Aston Villa,K. Young
329347,O. Kellyman,MID,66,Aston Villa,Kellyman
342320,K. Nedeljkovic,DEF,66,Aston Villa,K. Nedeljkovic
357060,T. Katsukunya,DEF,66,Aston Villa,T. Katsukunya
360268,J. Jimoh,MID,66,Aston Villa,J. Jimoh
360269,Triston Rowe,DEF,66,Aston Villa,Triston
380715,B. Broggio,MID,66,Aston Villa,B. Broggio
388013,Andres Garcia,DEF,66,Aston Villa,Andres
398004,S. Proctor,GK,66,Aston Villa,S. Proctor
434180,Aidan Borland,MID,66,Aston Villa,A. Borland
453101,B. Burrows,MID,66,Aston Villa,B. Burrows
455010,L. Emery,GK,66,Aston Villa,L. Emery
126,Inaki Pena,GK,529,Barcelona,I. Pena
127,M. ter Stegen,GK,529,Barcelona,M. ter Stegen
133,C. Lenglet,DEF,529,Barcelona,C. Lenglet
137,Sergi Roberto,MID,529,Barcelona,Sergi R.
521,R. Lewandowski,FWD,529,Barcelona,Lewandowsky
538,F. de Jong,MID,529,Barcelona,De Jong
583,Joao Felix,FWD,529,Barcelona,Felix
619,Eric Garcia,DEF,529,Barcelona,E. Garcia
633,I. Gundogan,MID,529,Barcelona,Erdogan
851,W. Szczesny,GK,529,Barcelona,Szczesny
855,Joao Cancelo,DEF,529,Barcelona,Cancelo
931,Ferran Torres,FWD,529,Barcelona,F. Torres
1257,J. Kounde,DEF,529,Barcelona,Kounde
1323,Dani Olmo,MID,529,Barcelona,Olmo
1496,Raphinha,FWD,529,Barcelona,Raphinha
2278,Marcos Alonso,DEF,529,Barcelona,M. Alonso
2282,A. Christensen,DEF,529,Barcelona,Christensen
2670,Inigo Martinez,DEF,529,Barcelona,I. Martinez
18949,Oriol Romeu,MID,529,Barcelona,Romeu
101814,R. Araujo,DEF,529,Barcelona,Araujo
133609,Pedri,MID,529,Barcelona,Petri
135775,Ansu Fati,FWD,529,Barcelona,Ansu
161928,Alejandro Balde,DEF,529,Barcelona,Balde
181701,Gerard Martin,DEF,529,Barcelona,Gerard
182718,Joan Garcia,GK,529,Barcelona,J. Garcia
237249,M. Faye,DEF,529,Barcelona,M. Faye
263530,Pau Victor,FWD,529,Barcelona,P. Victor
285909,Pablo Torre,MID,529,Barcelona,P. Torre
294797,Angel Alarcon,FWD,529,Barcelona,A. Alarcon
296667,Gavi,MID,529,Barcelona,Gravy
329728,Marc Casado,MID,529,Barcelona,Casado
336557,Aleix Garrido,MID,529,Barcelona,A. Garrido
336560,Alex Valle,DEF,529,Barcelona,A. Valle
336653,Ander Astralaga,GK,529,Barcelona,A. Astralaga
340279,Vitor Roque,FWD,529,Barcelona,V. Roque
340626,Fermin,MID,529,Barcelona,Fermin
348539,Unai Hernandez,MID,529,Barcelona,U. Hernandes
371912,Dani Rodriguez,FWD,529,Barcelona,D. Rodrigues
383647,D. Kochen,GK,529,Barcelona,D. Kochen
386828,Lamine Yamal,FWD,529,Barcelona,Yamal
386859,Hector Fort,DEF,529,Barcelona,H. Fort
391311,A. Yaakobishvili,GK,529,Barcelona,A. Yaakobishvili
392270,Marc Guiu,FWD,529,Barcelona,Guiu
396623,Pau Cubarsi Paredes,DEF,529,Barcelona,Cubarsi
396624,Sergi Dominguez,DEF,529,Barcelona,S. Domingues
396630,Pau Prim,MID,529,Barcelona,P. Prim
412699,Alexis Olmedo,DEF,529,Barcelona,Alexis
412704,Noah Darvich,MID,529,Barcelona,Darvich
433395,Alvaro Cortes Moyano,DEF,529,Barcelona,Alvaro
433396,Marc Bernal,MID,529,Barcelona,M. Bernal
441232,Guille Fernandez,MID,529,Barcelona,Guille
441244,Andres Cuenca,DEF,529,Barcelona,Andres
445973,Toni Fernandez,FWD,529,Barcelona,T. Fernandes
446061,Landry Cephas,DEF,529,Barcelona,Landry
449128,Quim Junyent,MID,529,Barcelona,Q. Junyent
20,A. Witsel,DEF,530,Atletico Madrid,Witsel
29,J. Oblak,GK,530,Atletico Madrid,Oblak
31,J. Gimenez,DEF,530,Atletico Madrid,J. Gimenez
45,T. Lemar,MID,530,Atletico Madrid,Le Mar
50,Koke,MID,530,Atletico Madrid,Koke
53,A. Correa,FWD,530,Atletico Madrid,A. Correa
55,Borja Garces,FWD,530,Atletico Madrid,B. Garces
56,A. Griezmann,FWD,530,Atletico Madrid,Griezmann
58,Victor Mollejo,FWD,530,Atletico Madrid,Victor
753,Marcos Llorente,MID,530,Atletico Madrid,Llorente
915,Gabriel Paulista,DEF,530,Atletico Madrid,Gabriel
2465,J. Musso,GK,530,Atletico Madrid,J. Musso
2472,R. De Paul,MID,530,Atletico Madrid,De Paul
2669,Hermoso,DEF,530,Atletico Madrid,Hermoso
6503,N. Molina,DEF,530,Atletico Madrid,Molina
10322,Marcos Paulo,FWD,530,Atletico Madrid,Marcos
30399,D. Hancko,DEF,530,Atletico Madrid,D. Hancko
42642,H. Moldovan,GK,530,Atletico Madrid,H. Moldovan
47301,Robin Le Normand,DEF,530,Atletico Madrid,Le Normand
47566,Javi Galan,DEF,530,Atletico Madrid,J. Galan
126936,Samuel Lino,MID,530,Atletico Madrid,S. Lino
133185,J. Cardoso,MID,530,Atletico Madrid,J. Cardoso
136117,Rodrigo Riquelme,MID,530,Atletico Madrid,Riquelme
162012,M. Ruggeri,DEF,530,Atletico Madrid,M. Ruggeri
162138,Marco Moreno,DEF,530,Atletico Madrid,M. Moreno
185308,Mini,MID,530,Atletico Madrid,Miny
264469,Pablo Perez,DEF,530,Atletico Madrid,P. Peres
286038,Alex Calatrava,FWD,530,Atletico Madrid,A. Calatrava
287177,Adrian Corral,DEF,530,Atletico Madrid,Adrian
297744,Carlos Gimenez,DEF,530,Atletico Madrid,Carlos
303378,Javi Serrano,MID,530,Atletico Madrid,J. Serrano
311773,S. Mourino,DEF,530,Atletico Madrid,S. Mourino
313548,Alberto Moreno,MID,530,Atletico Madrid,Alberto
315604,Alejandro Iturbe,GK,530,Atletico Madrid,Alejandro
323935,G. Simeone,FWD,530,Atletico Madrid,G. Simeone
324750,Carlos Martin,FWD,530,Atletico Madrid,Carlos
333379,Antonio Gomis,GK,530,Atletico Madrid,Antonio
336587,S. El Jebari,FWD,530,Atletico Madrid,S. El Jebari
336590,Aitor Gismera,MID,530,Atletico Madrid,A. Gismera
336594,Pablo Barrios,MID,530,Atletico Madrid,P. Barrios
336681,Sergio Diez,DEF,530,Atletico Madrid,Sergio
336685,Javier Bonar,DEF,530,Atletico Madrid,Javier
338508,I. Kostis,DEF,530,Atletico Madrid,I. Kostis
340154,A. Vermeeren,MID,530,Atletico Madrid,Vermeer
355950,Luis Miguel Morales Carnicero,GK,530,Atletico Madrid,L. Carnicero
358628,Samu,FWD,530,Atletico Madrid,Samu
361346,David Munoz Torres,MID,530,Atletico Madrid,D. Torres
386849,A. Raihani,FWD,530,Atletico Madrid,A. Raihani
386850,Adrian Nino Heredia,FWD,530,Atletico Madrid,Adrian
386869,Dani Martinez,DEF,530,Atletico Madrid,D. Martines
386872,Sergio Mestre,GK,530,Atletico Madrid,Sergio
419618,Daniel Munoz,DEF,530,Atletico Madrid,Daniel
441280,G. Spina,DEF,530,Atletico Madrid,G. Spina
443668,Rayane Belid,FWD,530,Atletico Madrid,Rayane
443748,Taufik Seidu,MID,530,Atletico Madrid,Taufik
449058,Omar Janneh,FWD,530,Atletico Madrid,O. Janneh
451316,Dani Rubio,GK,530,Atletico Madrid,D. Rubio
451594,Alejandro Monserrate,MID,530,Atletico Madrid,Alejandro
898,Ander Herrera,MID,531,Athletic Club,Herrera
2672,Muniain,FWD,531,Athletic Club,Muniain
30510,Alex Berenguer,FWD,531,Athletic Club,Berenguer
47007,Ruiz de Galarreta,MID,531,Athletic Club,R. Galarreta
47270,Unai Simon,GK,531,Athletic Club,U. Simon
47271,Yeray,DEF,531,Athletic Club,Yeray
47273,Yuri,DEF,531,Athletic Club,Yuri
47275,De Marcos,DEF,531,Athletic Club,D. Marcos
47276,Lekue,DEF,531,Athletic Club,Lekue
47277,Unai Nunez,DEF,531,Athletic Club,U. Nunes
47278,Dani Vivian,DEF,531,Athletic Club,D. Vivian
47281,Dani Garcia,MID,531,Athletic Club,D. Garcia
47282,Raul Garcia,MID,531,Athletic Club,R. Garcia
47291,Gorka Guruzeta,FWD,531,Athletic Club,Guruzeta
47294,I. Williams,FWD,531,Athletic Club,I. Williams
47299,Gorosabel,DEF,531,Athletic Club,Gorosabel
47418,Mikel Vesga,MID,531,Athletic Club,Vesga
84086,Robert Navarro,MID,531,Athletic Club,Robert
104853,Asier Villalibre,FWD,531,Athletic Club,A. Villalibre
128398,Oihan Sancet,MID,531,Athletic Club,Sancet
179153,Javi Marton,FWD,531,Athletic Club,J. Marton
182588,Juan Artola,FWD,531,Athletic Club,J. Artola
182617,Benat Prados,MID,531,Athletic Club,B. Prados
182639,Unai Vencedor,MID,531,Athletic Club,U. Vencedor
182641,Imanol Garcia de Albeniz,DEF,531,Athletic Club,Imanol
183799,Nico Williams,FWD,531,Athletic Club,N. Williams
183848,Julen Agirrezabala,GK,531,Athletic Club,Agirrezabala
183849,Aitor Paredes,DEF,531,Athletic Club,A. Paredes
190489,Alvaro Djalo,FWD,531,Athletic Club,Alvaro
286593,Nico Serrano,FWD,531,Athletic Club,N. Serrano
287438,Ekain Azkune,FWD,531,Athletic Club,E. Azkune
287680,Maroan Sannadi,FWD,531,Athletic Club,Maroan
288525,Malcom Adu,FWD,531,Athletic Club,Malcom
312468,Alex Padilla,GK,531,Athletic Club,A. Padilla
313025,Hugo Rincon,DEF,531,Athletic Club,H. Rincon
332302,Oier Gastesi,GK,531,Athletic Club,O. Gastesi
332305,Unai Eguiluz,DEF,531,Athletic Club,U. Eguiluz
332307,Benat Gerenabarrena,MID,531,Athletic Club,B. Gerenabarrena
332308,Unai Gomez,MID,531,Athletic Club,U. Gomes
332309,Alejandro Rego,MID,531,Athletic Club,Alejandro
336998,A. Boiro,DEF,531,Athletic Club,A. Boiro
354762,Iker Varela,MID,531,Athletic Club,I. Varela
377257,Endika Bujan,FWD,531,Athletic Club,Endika
383780,Mikel Jauregizar,MID,531,Athletic Club,M. Jauregizar
384262,Aimar Dunabeitia,DEF,531,Athletic Club,A. Dunabeitia
437643,Peio Canales,MID,531,Athletic Club,P. Canales
440413,Aingeru Olabarrieta,FWD,531,Athletic Club,Aingeru
440428,Ander Izagirre,DEF,531,Athletic Club,A. Izagirre
495038,Javier Zabala,MID,531,Athletic Club,Javier
911,Jaume Domenech,GK,532,Valencia,J. Domenech
913,Cristian Rivero,GK,532,Valencia,Cristian
916,M. Diakhaby,DEF,532,Valencia,M. Diakhaby
918,Jose Gaya,DEF,532,Valencia,Gaya
919,Hugo Guillamon,MID,532,Valencia,Guillamon
1482,Thierry Correia,DEF,532,Valencia,T. Correia
1641,Samu Castillejo,MID,532,Valencia,Castillejo
8493,R. Yaremchuk,FWD,532,Valencia,R. Yaremchuk
8587,S. Amallah,MID,532,Valencia,S. Amallah
8718,M. Caufriez,DEF,532,Valencia,M. Caufries
19070,M. Aarons,DEF,532,Valencia,M. Aarons
19352,Sergi Canos,MID,532,Valencia,S. Canos
24760,G. Mamardashvili,GK,532,Valencia,Mamardashvili
31406,U. Sadiq,FWD,532,Valencia,U. Sadiq
41157,Andre Almeida,MID,532,Valencia,A. Almeida
46828,Ivan Jaime,MID,532,Valencia,I. Jaime
46933,Luis Rioja,FWD,532,Valencia,L. Rioja
47251,D. Foulquier,DEF,532,Valencia,D. Foulquier
47264,Hugo Duro,FWD,532,Valencia,Duro
47463,Pepelu,MID,532,Valencia,Pepelu
47527,S. Dimitrievski,GK,532,Valencia,S. Dimitrievsky
48372,E. Comert,DEF,532,Valencia,E. Comert
72048,C. Ozkacar,DEF,532,Valencia,C. Ozkacar
119232,Dani Gomez,FWD,532,Valencia,D. Gomez
158378,E. Barrenechea,MID,532,Valencia,E. Barrenechea
161873,Pedro Aleman,MID,532,Valencia,P. Aleman
161875,Hugo Gonzalez,MID,532,Valencia,H. Gonzales
161877,Pablo Gozalbez,MID,532,Valencia,P. Gozalbes
161963,German Valera,FWD,532,Valencia,German
162127,Diego Lopez,FWD,532,Valencia,D. Lopes
162175,Jesus Vazquez,DEF,532,Valencia,J. Vazquez
162931,Fran Perez,MID,532,Valencia,F. Peres
193252,Borja Calvo,MID,532,Valencia,B. Calvo
196290,Marco Camus,MID,532,Valencia,M. Camus
270498,W. Madrigal,FWD,532,Valencia,W. Madrigal
270516,Peter,FWD,532,Valencia,Peter
288074,Alberto Mari,FWD,532,Valencia,Alberto
297743,Javier Navarro Girona,MID,532,Valencia,Javier
315699,Javi Guerra,MID,532,Valencia,J. Guerra
315701,Rubo Iranzo,DEF,532,Valencia,R. Iranzo
333369,Joselu,FWD,532,Valencia,Joselu
333672,Cesar Tarrega,DEF,532,Valencia,C. Tarrega
333682,Cristhian Mosquera,DEF,532,Valencia,Mosquera
348326,Martin Tejon,FWD,532,Valencia,Martin
361385,Yarek Gasiorowski,DEF,532,Valencia,Gasiorowski
364414,Mario Dominguez,FWD,532,Valencia,M. Domingues
376416,Hamza Bellari,FWD,532,Valencia,H. Bellari
387996,Alex Serradell,DEF,532,Valencia,A. Serradell
401983,Vicent Abril,GK,532,Valencia,Vicent
405507,Ismael Santana,FWD,532,Valencia,Ismael
406043,Lucas Nunez,MID,532,Valencia,L. Nunes
406046,Pablo Lopez,FWD,532,Valencia,P. Lopes
406266,A. Fadal,MID,532,Valencia,A. Fadal
412737,Raul Jimenez Latorre,GK,532,Valencia,R. Latorre
439578,David Otorbi,FWD,532,Valencia,D. Otorbi
442188,Iker Cordoba,DEF,532,Valencia,I. Cordoba
83,A. Danjuma,FWD,533,Villarreal,A. Danjuma
131,Jorge Cuenca,DEF,533,Villarreal,J. Cuenca
166,J. Foyth,DEF,533,Villarreal,J. Foyth
258,Juan Bernat,DEF,533,Villarreal,J. Bernat
288,Alberto Moreno,DEF,533,Villarreal,Alberto
314,Raul Albiol,DEF,533,Villarreal,Albiol
885,E. Bailly,DEF,533,Villarreal,E. Bailly
924,F. Coquelin,MID,533,Villarreal,F. Coquelin
925,Goncalo Guedes,FWD,533,Villarreal,Guedes
928,Dani Parejo,MID,533,Villarreal,Parejo
1461,Denis Suarez,MID,533,Villarreal,D. Suarez
1567,A. Mandi,DEF,533,Villarreal,A. Mandi
1624,Pepe Reina,GK,533,Villarreal,Reina
1702,Pedraza,DEF,533,Villarreal,Pedraza
1705,Manu Trigueros,MID,533,Villarreal,Trigueros
1707,Gerard Moreno,FWD,533,Villarreal,G. Moreno
18794,Kiko Femenia,DEF,533,Villarreal,Femenia
18802,E. Capoue,MID,533,Villarreal,E. Capoue
18906,Ayoze Perez,FWD,533,Villarreal,A. Peres
19485,B. Brereton,FWD,533,Villarreal,B. Brereton
20696,P. Gueye,MID,533,Villarreal,P. Gueye
20844,H. Hassan,FWD,533,Villarreal,H. Hassan
21997,Logan Costa,DEF,533,Villarreal,L. Costa
47467,Jose Luis Morales,FWD,533,Villarreal,J.L. Morales
47529,Miguel Angel Morro,GK,533,Villarreal,Miguel
47541,Santi Comesana,MID,533,Villarreal,Comesana
51016,T. Buchanan,FWD,533,Villarreal,T. Buchanan
64268,J. Mojica,DEF,533,Villarreal,J. Mojica
161931,Arnau Sola,DEF,533,Villarreal,A. Sola
162122,Adria Alti,DEF,533,Villarreal,A. Alti
169256,Iker Alvarez,GK,533,Villarreal,I. Alvares
182219,Alex Baena,MID,533,Villarreal,A. Baena
182685,Diego Collado,FWD,533,Villarreal,D. Collado
184194,Alex Fores,FWD,533,Villarreal,A. Fores
184226,Yeremy Pino,MID,533,Villarreal,Y. Pino
184420,Carlos Romero,DEF,533,Villarreal,Carlos
187987,Ramon Terrats,MID,533,Villarreal,R. Terrats
188571,Abraham del Moral,DEF,533,Villarreal,Abraham
195717,Y. Mosquera,DEF,533,Villarreal,Y. Mosquera
278619,Luiz Junior,GK,533,Villarreal,L. Junior
286616,F. Jorgensen,GK,533,Villarreal,F. Jorgensen
288112,Willy Kambwala Ndengushi,DEF,533,Villarreal,W. Ndengushi
290482,Jorge Pascual,FWD,533,Villarreal,J. Pascual
302277,Ruben Gomez,GK,533,Villarreal,R. Gomes
307565,T. Ojeda,MID,533,Villarreal,T. Ojeda
336637,Espigares,DEF,533,Villarreal,Espigares
340726,S. Lekovic,DEF,533,Villarreal,S. Lekovic
343684,T. Barry,FWD,533,Villarreal,T. Barry
378284,Etta Eyong,FWD,533,Villarreal,E. Eyong
391131,Reque,MID,533,Villarreal,Reque
411702,Pau Cabanes,FWD,533,Villarreal,P. Cabanes
435552,Pau Navarro,DEF,533,Villarreal,P. Navarro
455356,Daniel Budesca,DEF,533,Villarreal,Daniel
463280,A. Diatta,MID,533,Villarreal,A. Diatta
484474,J. Valou,DEF,533,Villarreal,J. Valou
124,J. Cillessen,GK,534,Las Palmas,J. Cillessen
536,D. Sinkgraven,DEF,534,Las Palmas,D. Sinkgraven
1304,D. Horkas,GK,534,Las Palmas,D. Horkas
2060,M. El Haddadi,FWD,534,Las Palmas,M. El Haddadi
2671,Jaime Mata,FWD,534,Las Palmas,J. Mata
21070,O. Mfulu,MID,534,Las Palmas,O. Mfulu
21709,E. Loiodice,MID,534,Las Palmas,E. Loiodice
21714,S. Kaba,FWD,534,Las Palmas,S. Kaba
46673,Aaron Escandell,GK,534,Las Palmas,A. Escandell
46854,Viti Rozada,MID,534,Las Palmas,Viti
46860,Javi Munoz,MID,534,Las Palmas,J. Munoz
46990,Alvaro Valles,GK,534,Las Palmas,Alvaro
46993,Eric Curbelo,DEF,534,Las Palmas,E. Curbelo
46996,Alvaro Lemos,DEF,534,Las Palmas,Alvaro
47004,Fabio Gonzalez,MID,534,Las Palmas,F. Gonzales
47052,Alex Munoz,DEF,534,Las Palmas,A. Munoz
47111,Benito Ramirez,MID,534,Las Palmas,Benito
47180,Cristian Herrera,FWD,534,Las Palmas,Cristian
47393,Marc Cardona,FWD,534,Las Palmas,M. Cardona
47464,Campana,MID,534,Las Palmas,Campana
51051,J. Araujo,DEF,534,Las Palmas,J. Araujo
64256,A. Pelmard,DEF,534,Las Palmas,A. Pelmard
70315,Kirian Rodriguez,MID,534,Las Palmas,Kirian
70500,Sergi Cardona,DEF,534,Las Palmas,S. Cardona
122230,Manu Fuster,MID,534,Las Palmas,Fuster
122468,Saul Coco,DEF,534,Las Palmas,S. Coco
129791,Fabio Silva,FWD,534,Las Palmas,F. Silva
131529,Enrique Clemente,DEF,534,Las Palmas,Enrique
131535,Alex Suarez,DEF,534,Las Palmas,A. Suares
157194,Pejino,FWD,534,Las Palmas,Pejinu
162026,Marvin Park,DEF,534,Las Palmas,Marvin
162475,Mika Marmol,DEF,534,Las Palmas,Marmol
182519,Alberto Moleiro,MID,534,Las Palmas,Moleiro
182694,Ivan Gil,MID,534,Las Palmas,I. Gil
208133,Gabriel Palmero,DEF,534,Las Palmas,Gabriel
208198,Alex Gonzalez,GK,534,Las Palmas,A. Gonzales
285506,Ivan Cedric,FWD,534,Las Palmas,I. Cedric
288699,M. Perrone,MID,534,Las Palmas,M. Perrone
297869,Inaki Gonzalez Zambrano,MID,534,Las Palmas,I. Zambrano
308423,Yadam,MID,534,Las Palmas,Yadam
308678,Dario Essugo,MID,534,Las Palmas,Essugo
310187,Stefan Bajcetic,MID,534,Las Palmas,Bajcetic
310193,Saliou,DEF,534,Las Palmas,Saliou
330361,Ale Garcia,MID,534,Las Palmas,A. Garcia
336645,Nacho Nicolau,GK,534,Las Palmas,N. Nicolau
338750,Pau Ferrer,FWD,534,Las Palmas,P. Ferrer
380234,Ale Palanca,DEF,534,Las Palmas,A. Palanca
404471,Diego Martin,FWD,534,Las Palmas,D. Martin
406123,Sergio Ruiz,FWD,534,Las Palmas,Sergio
431890,Juan Herzog,DEF,534,Las Palmas,J. Herzog
440133,Elias Romero,FWD,534,Las Palmas,E. Romero
440748,Alvaro Killane,GK,534,Las Palmas,Alvaro
453885,A. Bassinga,MID,534,Las Palmas,A. Bassinga
481993,Valentin Pezzolesi,DEF,534,Las Palmas,Valentin
486068,Victor Puig,GK,534,Las Palmas,Victor
490848,Sergio Viera,MID,534,Las Palmas,Sergio
494104,Valentino,DEF,534,Las Palmas,Valentinu
505100,Israel Mora,GK,534,Las Palmas,Israel
522648,Jose Carlos Gonzalez,MID,534,Las Palmas,J. Gonzales
522649,Arturo Rodriguez,FWD,534,Las Palmas,Arturo
15,T. Delaney,MID,536,Sevilla,T. Delaney
176,E. Lamela,MID,536,Sevilla,E. Lamela
385,Oliver Torres,MID,536,Sevilla,O. Torres
738,Sergio Ramos,DEF,536,Sevilla,S. Ramos
760,M. Diaz,FWD,536,Sevilla,M. Diaz
957,D. Sow,MID,536,Sevilla,D. Sow
1427,A. Sambi Lokonga,MID,536,Sevilla,A. Sambi Lokonga
1489,N. Gudelj,MID,536,Sevilla,Gudelj
1493,M. Acuna,DEF,536,Sevilla,Acuna
1911,L. Ocampos,MID,536,Sevilla,Ocampos
2054,Jesus Navas,DEF,536,Sevilla,J. Navas
2468,G. Montiel,DEF,536,Sevilla,G. Montiel
2778,K. Iheanachо,FWD,536,Sevilla,K. Iheanach
2813,M. Dmitrovic,GK,536,Sevilla,M. Dmitrovic
2852,L. Augustinsson,DEF,536,Sevilla,L. Augustinsson
2924,A. Januzaj,MID,536,Sevilla,A. Januzaj
19172,O. Nyland,GK,536,Sevilla,O. Nyland
21004,L. Agoume,MID,536,Sevilla,L. Agoume
22233,B. Soumare,MID,536,Sevilla,B. Soumare
39121,C. Ejuke,FWD,536,Sevilla,C. Ejuke
47013,Rafa Mir,FWD,536,Sevilla,R. Mir
47016,Alvaro Fernandez,GK,536,Sevilla,Alvaro
47329,Adria Pedrosa,DEF,536,Sevilla,A. Pedrosa
47389,Joan Jordan,MID,536,Sevilla,J. Jordan
48471,R. Vargas,MID,536,Sevilla,R. Vargas
57446,A. Adams,FWD,536,Sevilla,A. Adams
119213,Alfon Gonzalez,FWD,536,Sevilla,Alfon
119235,Pedro Ortiz,MID,536,Sevilla,P. Ortiz
133110,T. Nianzou,DEF,536,Sevilla,T. Nianzou
162126,Peque Fernandez,FWD,536,Sevilla,P. Fernandes
162531,Xavi Sintes,DEF,536,Sevilla,X. Sintes
180560,H. Mejbri,MID,536,Sevilla,H. Mejbri
182772,Juanlu Sanchez,MID,536,Sevilla,Juanlu
185398,Isaac,FWD,536,Sevilla,Isaac
195923,Jose Angel Carmona,DEF,536,Sevilla,Carmona
197196,Ramon Martinez,DEF,536,Sevilla,R. Martines
284241,Jose Mateo Mejia Piedrahita,FWD,536,Sevilla,J. Piedrahita
285290,Miguel Capi,FWD,536,Sevilla,Miguel
286271,Israel,FWD,536,Sevilla,Israel
290686,Rafael Romero,GK,536,Sevilla,Rafael
297311,Kike Salas,DEF,536,Sevilla,K. Salas
308346,Alberto Flores,GK,536,Sevilla,Alberto
311344,A. Veliz,FWD,536,Sevilla,Veliz
319572,V. Barco,MID,536,Sevilla,Barco
329729,Lulo Dasilva,MID,536,Sevilla,L. Dasilva
331330,Matias Arbol,GK,536,Sevilla,Matias
331607,Manu Bueno,MID,536,Sevilla,M. Bueno
335034,Pablo Rivera,MID,536,Sevilla,P. Rivera
335037,Diego Hormigo,DEF,536,Sevilla,D. Hormigo
335057,Dario Benavides,DEF,536,Sevilla,D. Benavides
338900,L. Antonetti,FWD,536,Sevilla,L. Antonetti
338902,Andres Castrin,DEF,536,Sevilla,Andres
340152,S. Idumbo-Muzambo,MID,536,Sevilla,S. Idumbo-Muzambo
341453,Oso,DEF,536,Sevilla,Osu
360411,Alberto Collado Lopez,MID,536,Sevilla,Alberto
386270,Ibrahima Sow,FWD,536,Sevilla,Ibrahima
437594,Alex Costa,FWD,536,Sevilla,A. Costa
486472,Alvaro Garcia,FWD,536,Sevilla,Alvaro
14331,Borja Lopez,DEF,537,Leganes,B. Lopez
46934,Dani Jimenez,GK,537,Leganes,D. Jimenez
47308,N. Djouahra,FWD,537,Leganes,N. Djouahra
47361,D. Brasanac,MID,537,Leganes,D. Brasanac
47416,Oscar Rodriguez,MID,537,Leganes,O. Rodriguez
47420,Javier Aviles,MID,537,Leganes,J. Aviles
47494,Miguel de la Fuente,FWD,537,Leganes,De la Fuente
78457,D. Abzi,DEF,537,Leganes,D. Abzi
122956,Diego Conde,GK,537,Leganes,D. Conde
123047,Sergio Gonzalez,DEF,537,Leganes,S. Gonzalez
162059,Isma Armenteros,DEF,537,Leganes,I. Armenteros
184481,Diego Garcia,FWD,537,Leganes,D. Garcia
301732,Victor Rodriguez,DEF,537,Leganes,Victor
307224,Piri,FWD,537,Leganes,Piri
323815,Oscar Urena,FWD,537,Leganes,O. Urena
327496,Rodrigo Abajas,DEF,537,Leganes,Rodrigo
445940,Adrian Rosell,FWD,537,Leganes,Adrian
452407,Sydney Osazuwa,FWD,537,Leganes,Sydney
452757,Jorge Mota,MID,537,Leganes,J. Mota
465280,Marco Leiton Arcos,DEF,537,Leganes,M. Arcos
